objectid,filename,source,title,date,date is approximate?,creator,description,subject,location,latitude,longitude,identifier,type,format,language,rights,rightsstatement,youtubeid
lumber001,101-1021.jpg,"PG 101, Gem of the Mountains ",Ron Purviance studying science notes from tape recorder. University of Idaho.,1960,,,,students;science;studying,,,,101-1021,Image;StillImage,image/jpeg,eng,"In Public Domain. For more information, please contact University of Idaho Library Special Collections and Archives Department at libspec@uidaho.edu.",https://creativecommons.org/publicdomain/mark/1.0/,
lumber002,101-1056.jpg,"PG 101, Gem of the Mountains ",Sorority rush. University of Idaho.,1961,,,,sororities;students;women;,,,,101-1056,Image;StillImage,image/jpeg,eng,"In Public Domain. For more information, please contact University of Idaho Library Special Collections and Archives Department at libspec@uidaho.edu.",https://creativecommons.org/publicdomain/mark/1.0/,
lumber003,101-1086.jpg,"PG 101, Gem of the Mountains ",Alumni functions. University of Idaho.,1961,,,,women;,,,,101-1086,Image;StillImage,image/jpeg,eng,"In Public Domain. For more information, please contact University of Idaho Library Special Collections and Archives Department at libspec@uidaho.edu.",https://creativecommons.org/publicdomain/mark/1.0/,
lumber004,101-1427.jpg,"PG 101, Gem of the Mountains ",Scenes from Delta Gamma sorority rush. University of Idaho.,1962,,,,women;sororities;students;performing arts;,,,,101-1427,Image;StillImage,image/jpeg,eng,"In Public Domain. For more information, please contact University of Idaho Library Special Collections and Archives Department at libspec@uidaho.edu.",https://creativecommons.org/publicdomain/mark/1.0/,
lumber005,101-1429.jpg,"PG 101, Gem of the Mountains ",Woman performing at Alpha Gamma Delta sorority house for new rushees. University of Idaho.,1962,,,,women;sororities;students;performing arts;,,,,101-1429,Image;StillImage,image/jpeg,eng,"In Public Domain. For more information, please contact University of Idaho Library Special Collections and Archives Department at libspec@uidaho.edu.",https://creativecommons.org/publicdomain/mark/1.0/,
lumber006,101-2341.jpg,"PG 101, Gem of the Mountains ",Sorority women talking to house mother. University of Idaho.,1958,,,,sororities;students;women;,,,,101-2341,Image;StillImage,image/jpeg,eng,"In Public Domain. For more information, please contact University of Idaho Library Special Collections and Archives Department at libspec@uidaho.edu.",https://creativecommons.org/publicdomain/mark/1.0/,
lumber007,101-2895.jpg,"PG 101, Gem of the Mountains ","Mothers Day Weekend, Phi Delta Theta Turtle Derby. University of Idaho.",1964,,,,holidays;families,,46.727516,-117.007774,101-2895,Image;StillImage,image/jpeg,eng,"In Public Domain. For more information, please contact University of Idaho Library Special Collections and Archives Department at libspec@uidaho.edu.",https://creativecommons.org/publicdomain/mark/1.0/,
lumber008,101-3691.jpg,"PG 101, Gem of the Mountains ","Students at Pine Hall's ""Frustration Party."" University of Idaho.",1965,,,,women;college students;students,,,,101-3691,Image;StillImage,image/jpeg,eng,"In Public Domain. For more information, please contact University of Idaho Library Special Collections and Archives Department at libspec@uidaho.edu.",https://creativecommons.org/publicdomain/mark/1.0/,
lumber009,101-957.jpg,"PG 101, Gem of the Mountains ",Classroom television program experiment. University of Idaho.,1959,,,,classrooms;college students;students,,,,101-957,Image;StillImage,image/jpeg,eng,"In Public Domain. For more information, please contact University of Idaho Library Special Collections and Archives Department at libspec@uidaho.edu.",https://creativecommons.org/publicdomain/mark/1.0/,
lumber010,70-48005.jpg,,Unidentified family eating around campfire. Wall tent.,1930,y,,,group portraits;family portraits;families,,,,70-48005,Image;StillImage,image/jpeg,eng,"In Public Domain. For more information, please contact University of Idaho Library Special Collections and Archives Department at libspec@uidaho.edu.",https://creativecommons.org/publicdomain/mark/1.0/,
lumber011,8-a046004.jpg,,Mr. Cassidy picnic party.,1920,y,Nellie Stockbridge,Two couples posed atop log over hanging rushing river,women;rivers;group portraits;picnics;,,,,8-a046004,Image;StillImage,image/jpeg,eng,"In Public Domain. For more information, please contact University of Idaho Library Special Collections and Archives Department at libspec@uidaho.edu.",https://creativecommons.org/publicdomain/mark/1.0/,
lumber012,8-B216-52.jpg,,"Mullan 49'er parade, Mullan, Idaho. Motorcycle hillclimb.",1939,,Nellie Stockbridge,,motorcycles;,"Mullan, Idaho",47.474425,-115.794903,8-B216-52,Image;StillImage,image/jpeg,eng,"In Public Domain. For more information, please contact University of Idaho Library Special Collections and Archives Department at libspec@uidaho.edu.",https://creativecommons.org/publicdomain/mark/1.0/,
lumber013,https://www.lib.uidaho.edu/media/spec/blog/97245580838_0.jpg,,Indian Post Office Site in the Clearwater Mountains,,,,Two Rock Cairns Piled as means of communication,indigenous people;rocks;mountains;,,46.54616,-114.987607,97245580838_0,Image;Stillimage,image/jpeg,eng,"In Public Domain. For more information, please contact University of Idaho Library Special Collections and Archives Department at libspec@uidaho.edu.",https://creativecommons.org/publicdomain/mark/1.0/,
lumber014,PG_8-8253a.jpg,"PG 8, Barnard Stockbridge Photograph Collection",Barnard Studio employees in flu masks,1918,,,A damaged negative of three employees wearing masks while working at the Barnard Stockbridge photo studio.,face masks; influenza; pandemics;fashion,"Wallace, Idaho",47.5198025,-115.9802965,8-8253a,Image;StillImage,image/jpeg,eng,"In Public Domain. For more information, please contact University of Idaho Library Special Collections and Archives Department at libspec@uidaho.edu.",https://creativecommons.org/publicdomain/mark/1.0/,
lumber015,https://www.lib.uidaho.edu/media/spec/blog/190236358190_0.jpg,,Oh Dam! it's Dworshak Dam,1950,y,,photo of Dworshak Dam,dams;hydraulics;electricity;water;irrigation,Idaho,,,12345,,,,"In Public Domain. For more information, please contact University of Idaho Library Special Collections and Archives Department at libspec@uidaho.edu.",https://creativecommons.org/publicdomain/mark/1.0/,
lumber016,MG5768.jpg,"MG 5768, Collection on Woman Suffrage in Idaho",Collection on Woman Suffrage in Idaho,1895,,,"Joint Resolution No.2 that amended the Idaho State constitution, granting women the right to vote and pen used to sign it.",women's suffrage; women's rights; voting;women,,,,5768,Image;StillImage,image/jpeg,eng,"In Public Domain. For more information, please contact University of Idaho Library Special Collections and Archives Department at libspec@uidaho.edu.",https://creativecommons.org/publicdomain/mark/1.0/,
lumber017,MG5768_01.jpg,"MG 5768, Collection on Woman Suffrage in Idaho",,1895,,,,women's suffrage; women's rights; voting;women,,,,5768_01,Image;StillImage,image/jpeg,eng,"In Public Domain. For more information, please contact University of Idaho Library Special Collections and Archives Department at libspec@uidaho.edu.",https://creativecommons.org/publicdomain/mark/1.0/,
lumber018,MG5768_02.jpg,"MG 5768, Collection on Woman Suffrage in Idaho",,1895,,,,women's suffrage; women's rights; voting;women,,,,5768_02,Image;StillImage,image/jpeg,eng,"In Public Domain. For more information, please contact University of Idaho Library Special Collections and Archives Department at libspec@uidaho.edu.",https://creativecommons.org/publicdomain/mark/1.0/,
lumber019,MG5768_03.jpg,"MG 5768, Collection on Woman Suffrage in Idaho",,1895,,,,women's suffrage; women's rights; voting;women,,,,5768_03,Image;StillImage,image/jpeg,eng,"In Public Domain. For more information, please contact University of Idaho Library Special Collections and Archives Department at libspec@uidaho.edu.",https://creativecommons.org/publicdomain/mark/1.0/,
lumber020,MG5768_04.jpg,"MG 5768, Collection on Woman Suffrage in Idaho",,1895,,,,women's suffrage; women's rights; voting;women,,,,5768_04,Image;StillImage,image/jpeg,eng,"In Public Domain. For more information, please contact University of Idaho Library Special Collections and Archives Department at libspec@uidaho.edu.",https://creativecommons.org/publicdomain/mark/1.0/,
lumber023,pg1_86_full.jpg,"PG 1, University of Idaho Campus Photographs",Sheep. University of Idaho. First imported Suffolks. [204c-14],1920,,,1920 photograph of sheep on the University of Idaho campus. Three sheep in foreground. Donor: W.C. Noggle. [PG1_204c-14],sheep,,46.728882,-117.02397,PG1_204c-14,Image;StillImage,image/jpeg,eng,"In Public Domain. For more information, please contact University of Idaho Library Special Collections and Archives Department at libspec@uidaho.edu.",https://creativecommons.org/publicdomain/mark/1.0/,
lumber024,3-0006f.jpg,"PG 3, University of Idaho Portrait Collection",Permeal J. French,1950,y,,"A photograph of Permeal Jane French, Dean of Women at the University of Idaho, 1908-1936",women;deans;,,,,3-0006f,Image;StillImage,image/jpeg,eng,"In Public Domain. For more information, please contact University of Idaho Library Special Collections and Archives Department at libspec@uidaho.edu.",https://creativecommons.org/publicdomain/mark/1.0/,
lumber025,69-427.jpg,"UG 69, University of Idaho Women's Recreation Association Photographs",members of women's volleyball team standing together for group photo,1931,y,,,recreation;women;,"Moscow, Idaho",,,69-427,Image;StillImage,image/jpeg,eng,"In Public Domain. For more information, please contact University of Idaho Library Special Collections and Archives Department at libspec@uidaho.edu.",https://creativecommons.org/publicdomain/mark/1.0/,
lumber026,69-428.jpg,"UG 69, University of Idaho Women's Recreation Association Photographs",women's volleyball game,1934,y,,,recreation;women;,"Moscow, Idaho",,,69-428,Image;StillImage,image/jpeg,eng,"In Public Domain. For more information, please contact University of Idaho Library Special Collections and Archives Department at libspec@uidaho.edu.",https://creativecommons.org/publicdomain/mark/1.0/,
lumber027,69-431.jpg,"UG 69, University of Idaho Women's Recreation Association Photographs",women's volleyball game,,,,,recreation;women;,"Moscow, Idaho",,,69-431,Image;StillImage,image/jpeg,eng,"In Public Domain. For more information, please contact University of Idaho Library Special Collections and Archives Department at libspec@uidaho.edu.",https://creativecommons.org/publicdomain/mark/1.0/,
lumber028,69-432.jpg,"UG 69, University of Idaho Women's Recreation Association Photographs",women's volleyball game,,,,,recreation;women;,"Moscow, Idaho",,,69-432,Image;StillImage,image/jpeg,eng,"In Public Domain. For more information, please contact University of Idaho Library Special Collections and Archives Department at libspec@uidaho.edu.",https://creativecommons.org/publicdomain/mark/1.0/,
lumber029,69-454.jpg,"UG 69, University of Idaho Women's Recreation Association Photographs",co-recreational volleyball game,1966,y,,,recreation;women;,"Moscow, Idaho",,,69-454,Image;StillImage,image/jpeg,eng,"In Public Domain. For more information, please contact University of Idaho Library Special Collections and Archives Department at libspec@uidaho.edu.",https://creativecommons.org/publicdomain/mark/1.0/,
lumber030,69-490.jpg,"UG 69, University of Idaho Women's Recreation Association Photographs",women's volleyball game,1965,y,,,recreation;women;,"Moscow, Idaho",,,69-490,Image;StillImage,image/jpeg,eng,"In Public Domain. For more information, please contact University of Idaho Library Special Collections and Archives Department at libspec@uidaho.edu.",https://creativecommons.org/publicdomain/mark/1.0/,
lumber031,69-416.jpg,"UG 69, University of Idaho Women's Recreation Association Photographs",woman shot putting,,,,,recreation;women;,"Moscow, Idaho",,,69-416,Image;StillImage,image/jpeg,eng,"In Public Domain. For more information, please contact University of Idaho Library Special Collections and Archives Department at libspec@uidaho.edu.",https://creativecommons.org/publicdomain/mark/1.0/,
lumber032,69-405.jpg,"UG 69, University of Idaho Women's Recreation Association Photographs",woman doing high jump,1965,y,,,recreation;women;,"Moscow, Idaho",,,69-405,Image;StillImage,image/jpeg,eng,"In Public Domain. For more information, please contact University of Idaho Library Special Collections and Archives Department at libspec@uidaho.edu.",https://creativecommons.org/publicdomain/mark/1.0/,
lumber033,69-387.jpg,"UG 69, University of Idaho Women's Recreation Association Photographs",woman doing long jump,1961,y,,,recreation;women;,"Moscow, Idaho",,,69-387,Image;StillImage,image/jpeg,eng,"In Public Domain. For more information, please contact University of Idaho Library Special Collections and Archives Department at libspec@uidaho.edu.",https://creativecommons.org/publicdomain/mark/1.0/,
lumber034,69-366.jpg,"UG 69, University of Idaho Women's Recreation Association Photographs",woman running with relay baton,1965,y,,,recreation;women;,"Moscow, Idaho",,,69-366,Image;StillImage,image/jpeg,eng,"In Public Domain. For more information, please contact University of Idaho Library Special Collections and Archives Department at libspec@uidaho.edu.",https://creativecommons.org/publicdomain/mark/1.0/,
lumber035,69-343.jpg,"UG 69, University of Idaho Women's Recreation Association Photographs",Mary Jo Powers (Tracy) crossing finish line with relay baton in hand,1962,y,,,recreation;women;,"Moscow, Idaho",,,69-343,Image;StillImage,image/jpeg,eng,"In Public Domain. For more information, please contact University of Idaho Library Special Collections and Archives Department at libspec@uidaho.edu.",https://creativecommons.org/publicdomain/mark/1.0/,
lumber036,69-333.jpg,"UG 69, University of Idaho Women's Recreation Association Photographs",women lined up at the start line for running,1960,,,,recreation;women;,"Moscow, Idaho",,,69-333,Image;StillImage,image/jpeg,eng,"In Public Domain. For more information, please contact University of Idaho Library Special Collections and Archives Department at libspec@uidaho.edu.",https://creativecommons.org/publicdomain/mark/1.0/,
lumber037,69-423.jpg,"UG 69, University of Idaho Women's Recreation Association Photographs",Donna Olson throwing javelin,1965,y,,,recreation;women;,"Moscow, Idaho",,,69-423,Image;StillImage,image/jpeg,eng,"In Public Domain. For more information, please contact University of Idaho Library Special Collections and Archives Department at libspec@uidaho.edu.",https://creativecommons.org/publicdomain/mark/1.0/,
lumber038,69-319.jpg,"UG 69, University of Idaho Women's Recreation Association Photographs",ten tennis team members standing together for photo,1969,,,,recreation;women;,"Moscow, Idaho",,,69-319,Image;StillImage,image/jpeg,eng,"In Public Domain. For more information, please contact University of Idaho Library Special Collections and Archives Department at libspec@uidaho.edu.",https://creativecommons.org/publicdomain/mark/1.0/,
lumber039,69-321.jpg,"UG 69, University of Idaho Women's Recreation Association Photographs",Fern Eberhardt playing tennis,1969,,,,recreation;women;,"Moscow, Idaho",,,69-321,Image;StillImage,image/jpeg,eng,"In Public Domain. For more information, please contact University of Idaho Library Special Collections and Archives Department at libspec@uidaho.edu.",https://creativecommons.org/publicdomain/mark/1.0/,
lumber040,69-324.jpg,"UG 69, University of Idaho Women's Recreation Association Photographs",woman playing tennis,1969,,,,recreation;women;,"Moscow, Idaho",,,69-324,Image;StillImage,image/jpeg,eng,"In Public Domain. For more information, please contact University of Idaho Library Special Collections and Archives Department at libspec@uidaho.edu.",https://creativecommons.org/publicdomain/mark/1.0/,
lumber041,69-332.jpg,"UG 69, University of Idaho Women's Recreation Association Photographs",woman playing tennis,,,,,recreation;women;,"Moscow, Idaho",,,69-332 ,Image;StillImage,image/jpeg,eng,"In Public Domain. For more information, please contact University of Idaho Library Special Collections and Archives Department at libspec@uidaho.edu.",https://creativecommons.org/publicdomain/mark/1.0/,
lumber042,69-314.jpg,"UG 69, University of Idaho Women's Recreation Association Photographs",two women at side of pool,,,,Nancy Westermeyer (?) and Nancy Call - U of I swim team at AIAW nat. swim meet.,recreation;women;,,,,69-314,Image;StillImage,image/jpeg,eng,"In Public Domain. For more information, please contact University of Idaho Library Special Collections and Archives Department at libspec@uidaho.edu.",https://creativecommons.org/publicdomain/mark/1.0/,
lumber043,69-305.jpg,"UG 69, University of Idaho Women's Recreation Association Photographs",women swimming in pool at swim meet,1961,,,,recreation;women;,,,,69-305,Image;StillImage,image/jpeg,eng,"In Public Domain. For more information, please contact University of Idaho Library Special Collections and Archives Department at libspec@uidaho.edu.",https://creativecommons.org/publicdomain/mark/1.0/,
lumber044,69-293.jpg,"UG 69, University of Idaho Women's Recreation Association Photographs",women diving into swimming pool,,,,,recreation;women;,,,,69-293,Image;StillImage,image/jpeg,eng,"In Public Domain. For more information, please contact University of Idaho Library Special Collections and Archives Department at libspec@uidaho.edu.",https://creativecommons.org/publicdomain/mark/1.0/,
lumber045,69-283.jpg,"UG 69, University of Idaho Women's Recreation Association Photographs",women swimming in pool,,,,,recreation;women;,,,,69-283 ,Image;StillImage,image/jpeg,eng,"In Public Domain. For more information, please contact University of Idaho Library Special Collections and Archives Department at libspec@uidaho.edu.",https://creativecommons.org/publicdomain/mark/1.0/,
lumber046,69-310.jpg,"UG 69, University of Idaho Women's Recreation Association Photographs",women diving into swimming pool at swim meet,1961,,,,recreation;women;,,,,69-310,Image;StillImage,image/jpeg,eng,"In Public Domain. For more information, please contact University of Idaho Library Special Collections and Archives Department at libspec@uidaho.edu.",https://creativecommons.org/publicdomain/mark/1.0/,
lumber047,69-313.jpg,"UG 69, University of Idaho Women's Recreation Association Photographs",women floating in pool and linking feet,1961,,,"Georgia Cutler, Nancy Pfaff, Janet Berry, Camilla Good.",recreation;women;,,,,69-313,Image;StillImage,image/jpeg,eng,"In Public Domain. For more information, please contact University of Idaho Library Special Collections and Archives Department at libspec@uidaho.edu.",https://creativecommons.org/publicdomain/mark/1.0/,
lumber048,69-251.jpg,"UG 69, University of Idaho Women's Recreation Association Photographs",view of softball game from behind home plate (library building in background),,,,,recreation;women;,"Moscow, Idaho",,,69-251,Image;StillImage,image/jpeg,eng,"In Public Domain. For more information, please contact University of Idaho Library Special Collections and Archives Department at libspec@uidaho.edu.",https://creativecommons.org/publicdomain/mark/1.0/,
lumber049,69-253b.jpg,"UG 69, University of Idaho Women's Recreation Association Photographs",view of softball game (Memorial Gym in background),,,,,recreation;women;,"Moscow, Idaho",,,69-253b,Image;StillImage,image/jpeg,eng,"In Public Domain. For more information, please contact University of Idaho Library Special Collections and Archives Department at libspec@uidaho.edu.",https://creativecommons.org/publicdomain/mark/1.0/,
lumber050,69-261.jpg,"UG 69, University of Idaho Women's Recreation Association Photographs",view of softball game (Memorial Gym in background),,,,,recreation;women;,"Moscow, Idaho",,,69-261,Image;StillImage,image/jpeg,eng,"In Public Domain. For more information, please contact University of Idaho Library Special Collections and Archives Department at libspec@uidaho.edu.",https://creativecommons.org/publicdomain/mark/1.0/,
lumber051,69-264.jpg,"UG 69, University of Idaho Women's Recreation Association Photographs","view of softball game, unknown location",,,,,recreation;women;,"Moscow, Idaho",,,69-264,Image;StillImage,image/jpeg,eng,"In Public Domain. For more information, please contact University of Idaho Library Special Collections and Archives Department at libspec@uidaho.edu.",https://creativecommons.org/publicdomain/mark/1.0/,
lumber052,69-278.jpg,"UG 69, University of Idaho Women's Recreation Association Photographs",women playing softball on Administration Building lawn,,,,,recreation;women;,"Moscow, Idaho",,,69-278 ,Image;StillImage,image/jpeg,eng,"In Public Domain. For more information, please contact University of Idaho Library Special Collections and Archives Department at libspec@uidaho.edu.",https://creativecommons.org/publicdomain/mark/1.0/,
lumber053,69-237b.jpg,"UG 69, University of Idaho Women's Recreation Association Photographs",woman shooting rifle in ROTC,1967,y,,,recreation;women;,"Moscow, Idaho",,,69-237b,Image;StillImage,image/jpeg,eng,"In Public Domain. For more information, please contact University of Idaho Library Special Collections and Archives Department at libspec@uidaho.edu.",https://creativecommons.org/publicdomain/mark/1.0/,
lumber054,69-238a.jpg,"UG 69, University of Idaho Women's Recreation Association Photographs",woman shooting rifle in ROTC,1967,y,,,recreation;women;,"Moscow, Idaho",,,69-238a,Image;StillImage,image/jpeg,eng,"In Public Domain. For more information, please contact University of Idaho Library Special Collections and Archives Department at libspec@uidaho.edu.",https://creativecommons.org/publicdomain/mark/1.0/,
lumber055,69-235.jpg,"UG 69, University of Idaho Women's Recreation Association Photographs",women's rifle team standing together on front steps of unidentified building,1931,y,,,recreation;women;,"Moscow, Idaho",,,69-235 ,Image;StillImage,image/jpeg,eng,"In Public Domain. For more information, please contact University of Idaho Library Special Collections and Archives Department at libspec@uidaho.edu.",https://creativecommons.org/publicdomain/mark/1.0/,
lumber056,69-200.jpg,"UG 69, University of Idaho Women's Recreation Association Photographs",women practicing rhythmic gymanstics (with ball) in Old Memorial Gym,,,,,recreation;women;,"Moscow, Idaho",,,69-200,Image;StillImage,image/jpeg,eng,"In Public Domain. For more information, please contact University of Idaho Library Special Collections and Archives Department at libspec@uidaho.edu.",https://creativecommons.org/publicdomain/mark/1.0/,
lumber057,69-187.jpg,"UG 69, University of Idaho Women's Recreation Association Photographs",Marilyn Ramey (Alpha Phi) on balanace beam,,,,,recreation;women;,"Moscow, Idaho",,,69-187,Image;StillImage,image/jpeg,eng,"In Public Domain. For more information, please contact University of Idaho Library Special Collections and Archives Department at libspec@uidaho.edu.",https://creativecommons.org/publicdomain/mark/1.0/,
lumber058,69-189.jpg,"UG 69, University of Idaho Women's Recreation Association Photographs",woman aiming a bow and arrow,,,,,recreation;women;,"Moscow, Idaho",,,69-189 ,Image;StillImage,image/jpeg,eng,"In Public Domain. For more information, please contact University of Idaho Library Special Collections and Archives Department at libspec@uidaho.edu.",https://creativecommons.org/publicdomain/mark/1.0/,
lumber059,69-192.jpg,"UG 69, University of Idaho Women's Recreation Association Photographs",women on gymnastics uneven bar,,,,,recreation;women;,"Moscow, Idaho",,,69-192,Image;StillImage,image/jpeg,eng,"In Public Domain. For more information, please contact University of Idaho Library Special Collections and Archives Department at libspec@uidaho.edu.",https://creativecommons.org/publicdomain/mark/1.0/,
lumber060,69-194.jpg,"UG 69, University of Idaho Women's Recreation Association Photographs",Katy (Kitty?) Hawks (Hawkes?) in mid-air while doing a gymanstics vault,,,,,recreation;women;,"Moscow, Idaho",,,69-194,Image;StillImage,image/jpeg,eng,"In Public Domain. For more information, please contact University of Idaho Library Special Collections and Archives Department at libspec@uidaho.edu.",https://creativecommons.org/publicdomain/mark/1.0/,
lumber061,69-210.jpg,"UG 69, University of Idaho Women's Recreation Association Photographs",Ann Frahm in mid-air after jumping on a trampoline while others watch,,,,,recreation;women;,"Moscow, Idaho",,,69-210,Image;StillImage,image/jpeg,eng,"In Public Domain. For more information, please contact University of Idaho Library Special Collections and Archives Department at libspec@uidaho.edu.",https://creativecommons.org/publicdomain/mark/1.0/,
lumber062,69-186.jpg,"UG 69, University of Idaho Women's Recreation Association Photographs",five women - the May Queen and Attendants - sitting together for photo,1928,,,,recreation;women;,"Moscow, Idaho",,,69-186,Image;StillImage,image/jpeg,eng,"In Public Domain. For more information, please contact University of Idaho Library Special Collections and Archives Department at libspec@uidaho.edu.",https://creativecommons.org/publicdomain/mark/1.0/,
lumber063,69-185.jpg,"UG 69, University of Idaho Women's Recreation Association Photographs","""The Queen Enters"" at May Day Event",1928,,,,recreation;women;,"Moscow, Idaho",,,69-185,Image;StillImage,image/jpeg,eng,"In Public Domain. For more information, please contact University of Idaho Library Special Collections and Archives Department at libspec@uidaho.edu.",https://creativecommons.org/publicdomain/mark/1.0/,
lumber064,69-182.jpg,"UG 69, University of Idaho Women's Recreation Association Photographs",women dancing in Admin Lawn at May Day Event,1928,,,,recreation;women;,"Moscow, Idaho",,,69-182,Image;StillImage,image/jpeg,eng,"In Public Domain. For more information, please contact University of Idaho Library Special Collections and Archives Department at libspec@uidaho.edu.",https://creativecommons.org/publicdomain/mark/1.0/,
lumber065,69-184.jpg,"UG 69, University of Idaho Women's Recreation Association Photographs",women dancing in Admin Lawn at May Day Event,1928,,,,recreation;women;,"Moscow, Idaho",,,69-184,Image;StillImage,image/jpeg,eng,"In Public Domain. For more information, please contact University of Idaho Library Special Collections and Archives Department at libspec@uidaho.edu.",https://creativecommons.org/publicdomain/mark/1.0/,
lumber066,69-175a.jpg,"UG 69, University of Idaho Women's Recreation Association Photographs",woman swinging golf club while playing golf as two women watch,,,,Possibly a golf class or intramurals.,recreation;women;,"Moscow, Idaho",,,69-175a,Image;StillImage,image/jpeg,eng,"In Public Domain. For more information, please contact University of Idaho Library Special Collections and Archives Department at libspec@uidaho.edu.",https://creativecommons.org/publicdomain/mark/1.0/,
lumber067,69-173.jpg,"UG 69, University of Idaho Women's Recreation Association Photographs","woman golfing while three women watch (Vicki Maule, Kathy Jordan, Kali Voyce, Jean Nelson)",,,,,recreation;women;,"Moscow, Idaho",,,69-173,Image;StillImage,image/jpeg,eng,"In Public Domain. For more information, please contact University of Idaho Library Special Collections and Archives Department at libspec@uidaho.edu.",https://creativecommons.org/publicdomain/mark/1.0/,
lumber068,69-174.jpg,"UG 69, University of Idaho Women's Recreation Association Photographs",Linda Fleetwood golfing,,,,,recreation;women;,"Moscow, Idaho",,,69-174,Image;StillImage,image/jpeg,eng,"In Public Domain. For more information, please contact University of Idaho Library Special Collections and Archives Department at libspec@uidaho.edu.",https://creativecommons.org/publicdomain/mark/1.0/,
lumber069,69-153.jpg,"UG 69, University of Idaho Women's Recreation Association Photographs","view from hill of field hockey practice and marching band practice in background, near Memorial Gym",1950s,y,,,recreation;women;,"Moscow, Idaho",,,69-153,Image;StillImage,image/jpeg,eng,"In Public Domain. For more information, please contact University of Idaho Library Special Collections and Archives Department at libspec@uidaho.edu.",https://creativecommons.org/publicdomain/mark/1.0/,
lumber070,69-165.jpg,"UG 69, University of Idaho Women's Recreation Association Photographs","women during field hockey practice - Brenda Lazelle (?) has back to camera, Lois Proctor Pence, Anita Cox, and Denise Darwin",,,,,recreation;women;,"Moscow, Idaho",,,69-165,Image;StillImage,image/jpeg,eng,"In Public Domain. For more information, please contact University of Idaho Library Special Collections and Archives Department at libspec@uidaho.edu.",https://creativecommons.org/publicdomain/mark/1.0/,
lumber071,69-161.jpg,"UG 69, University of Idaho Women's Recreation Association Photographs",four women pose for photo (Ella McPherson on far left),,,,,recreation;women;,"Moscow, Idaho",,,69-161,Image;StillImage,image/jpeg,eng,"In Public Domain. For more information, please contact University of Idaho Library Special Collections and Archives Department at libspec@uidaho.edu.",https://creativecommons.org/publicdomain/mark/1.0/,
lumber072,69-160.jpg,"UG 69, University of Idaho Women's Recreation Association Photographs",Denise Darwin and Brenda Lazelle playing field hockey,,,,,recreation;women;,"Moscow, Idaho",,,69-160 ,Image;StillImage,image/jpeg,eng,"In Public Domain. For more information, please contact University of Idaho Library Special Collections and Archives Department at libspec@uidaho.edu.",https://creativecommons.org/publicdomain/mark/1.0/,
lumber073,69-147.jpg,"UG 69, University of Idaho Women's Recreation Association Photographs",two women fencing,,,,,recreation;women;,"Moscow, Idaho",,,69-147,Image;StillImage,image/jpeg,eng,"In Public Domain. For more information, please contact University of Idaho Library Special Collections and Archives Department at libspec@uidaho.edu.",https://creativecommons.org/publicdomain/mark/1.0/,
lumber074,69-146.jpg,"UG 69, University of Idaho Women's Recreation Association Photographs",four members of women's fencing team standing together for group photo,1931,,,,recreation;women;,"Moscow, Idaho",,,69-146,Image;StillImage,image/jpeg,eng,"In Public Domain. For more information, please contact University of Idaho Library Special Collections and Archives Department at libspec@uidaho.edu.",https://creativecommons.org/publicdomain/mark/1.0/,
lumber075,69-150.jpg,"UG 69, University of Idaho Women's Recreation Association Photographs",women fencing,,,,,recreation;women;,"Moscow, Idaho",,,69-150,Image;StillImage,image/jpeg,eng,"In Public Domain. For more information, please contact University of Idaho Library Special Collections and Archives Department at libspec@uidaho.edu.",https://creativecommons.org/publicdomain/mark/1.0/,
lumber076,69-118.jpg,"UG 69, University of Idaho Women's Recreation Association Photographs","women dancing at Folk Dance Festival inside ""old gym""",,,,,recreation;women;,"Moscow, Idaho",,,69-118,Image;StillImage,image/jpeg,eng,"In Public Domain. For more information, please contact University of Idaho Library Special Collections and Archives Department at libspec@uidaho.edu.",https://creativecommons.org/publicdomain/mark/1.0/,
lumber077,69-090.jpg,"UG 69, University of Idaho Women's Recreation Association Photographs",women dancing at Folk Dance Festival outside the Kibbie Dome,1966,,,,recreation;women;,"Moscow, Idaho",,,69-090,Image;StillImage,image/jpeg,eng,"In Public Domain. For more information, please contact University of Idaho Library Special Collections and Archives Department at libspec@uidaho.edu.",https://creativecommons.org/publicdomain/mark/1.0/,
lumber078,69-070.jpg,"UG 69, University of Idaho Women's Recreation Association Photographs",women dancing at Folk Dance Festival outside the Kibbie Dome,1966,,,,recreation;women;,"Moscow, Idaho",,,69-070 ,Image;StillImage,image/jpeg,eng,"In Public Domain. For more information, please contact University of Idaho Library Special Collections and Archives Department at libspec@uidaho.edu.",https://creativecommons.org/publicdomain/mark/1.0/,
lumber079,69-066.jpg,"UG 69, University of Idaho Women's Recreation Association Photographs",women dancing at Folk Dance Festival outside the Kibbie Dome,1966,,,,recreation;women;,"Moscow, Idaho",,,69-066,Image;StillImage,image/jpeg,eng,"In Public Domain. For more information, please contact University of Idaho Library Special Collections and Archives Department at libspec@uidaho.edu.",https://creativecommons.org/publicdomain/mark/1.0/,
lumber080,69-057.jpg,"UG 69, University of Idaho Women's Recreation Association Photographs","Sherie Gauthier, Karen Johnson, Barbara Weeks, and Karen Collins standing together holding bowling balls for photo",,,,,recreation;women;,"Moscow, Idaho",,,69-057,Image;StillImage,image/jpeg,eng,"In Public Domain. For more information, please contact University of Idaho Library Special Collections and Archives Department at libspec@uidaho.edu.",https://creativecommons.org/publicdomain/mark/1.0/,
lumber081,69-054b.jpg,"UG 69, University of Idaho Women's Recreation Association Photographs",woman bowling,1965,y,,,recreation;women;,"Moscow, Idaho",,,69-054b,Image;StillImage,image/jpeg,eng,"In Public Domain. For more information, please contact University of Idaho Library Special Collections and Archives Department at libspec@uidaho.edu.",https://creativecommons.org/publicdomain/mark/1.0/,
lumber082,69-055a.jpg,"UG 69, University of Idaho Women's Recreation Association Photographs",Sherie Gauthier bowling,1965,y,,,recreation;women;,"Moscow, Idaho",,,69-055a,Image;StillImage,image/jpeg,eng,"In Public Domain. For more information, please contact University of Idaho Library Special Collections and Archives Department at libspec@uidaho.edu.",https://creativecommons.org/publicdomain/mark/1.0/,
lumber083,69-014.jpg,"UG 69, University of Idaho Women's Recreation Association Photographs",six girls standing together for team photo,1933,y,,,recreation;women;,"Moscow, Idaho",,,69-014,Image;StillImage,image/jpeg,eng,"In Public Domain. For more information, please contact University of Idaho Library Special Collections and Archives Department at libspec@uidaho.edu.",https://creativecommons.org/publicdomain/mark/1.0/,
lumber084,69-053.jpg,"UG 69, University of Idaho Women's Recreation Association Photographs",women gathered for photo with basketball,,,,,recreation;women;,"Moscow, Idaho",,,69-053,Image;StillImage,image/jpeg,eng,"In Public Domain. For more information, please contact University of Idaho Library Special Collections and Archives Department at libspec@uidaho.edu.",https://creativecommons.org/publicdomain/mark/1.0/,
lumber085,69-029.jpg,"UG 69, University of Idaho Women's Recreation Association Photographs",intramural basketball game,,,,,recreation;women;,"Moscow, Idaho",,,69-029 ,Image;StillImage,image/jpeg,eng,"In Public Domain. For more information, please contact University of Idaho Library Special Collections and Archives Department at libspec@uidaho.edu.",https://creativecommons.org/publicdomain/mark/1.0/,
lumber086,69-018a.jpg,"UG 69, University of Idaho Women's Recreation Association Photographs",intramural basketball game,,,,,recreation;women;,"Moscow, Idaho",,,69-018a,Image;StillImage,image/jpeg,eng,"In Public Domain. For more information, please contact University of Idaho Library Special Collections and Archives Department at libspec@uidaho.edu.",https://creativecommons.org/publicdomain/mark/1.0/,
lumber087,69-009.jpg,"UG 69, University of Idaho Women's Recreation Association Photographs",women playing badminton,,,,,recreation;women;,"Moscow, Idaho",,,69-009,Image;StillImage,image/jpeg,eng,"In Public Domain. For more information, please contact University of Idaho Library Special Collections and Archives Department at libspec@uidaho.edu.",https://creativecommons.org/publicdomain/mark/1.0/,
lumber088,69-006.jpg,"UG 69, University of Idaho Women's Recreation Association Photographs",Georgie Cutler playing badminton,,,,,recreation;women;,"Moscow, Idaho",,,69-006 ,Image;StillImage,image/jpeg,eng,"In Public Domain. For more information, please contact University of Idaho Library Special Collections and Archives Department at libspec@uidaho.edu.",https://creativecommons.org/publicdomain/mark/1.0/,
lumber089,69-001.jpg,"UG 69, University of Idaho Women's Recreation Association Photographs",women playing badminton,,,,,recreation;women;,"Moscow, Idaho",,,69-001,Image;StillImage,image/jpeg,eng,"In Public Domain. For more information, please contact University of Idaho Library Special Collections and Archives Department at libspec@uidaho.edu.",https://creativecommons.org/publicdomain/mark/1.0/,
lumber090,69-015.jpg,"UG 69, University of Idaho Women's Recreation Association Photographs",woman shooting a free-throw during a game,1934,y,,,recreation;women;,"Moscow, Idaho",,,69-015,Image;StillImage,image/jpeg,eng,"In Public Domain. For more information, please contact University of Idaho Library Special Collections and Archives Department at libspec@uidaho.edu.",https://creativecommons.org/publicdomain/mark/1.0/,
lumber091,94-folder11-item1.jpg,"PG 94, Army Corps of Engineers Dam Construction Photographs",aerial landscape view of Grand Coulee Dam,1940-04-21,,,Photo ID: 6115-3. Photographer: H. C. Robinson.,recreation;women;,"Moscow, Idaho",,,94-folder11-item1,Image;StillImage,image/jpeg,eng,"In Public Domain. For more information, please contact University of Idaho Library Special Collections and Archives Department at libspec@uidaho.edu.",https://creativecommons.org/publicdomain/mark/1.0/,
lumber092,94-folder12-item13.jpg,"PG 94, Army Corps of Engineers Dam Construction Photographs",workman unloading bulk cement with Butler Carscoop,1948-09-08,,,"Job hazards are minimized by use of proper safety equipment. Columbia Basin Project, Irrigation Division. West Canal and East Low Canal, Specifications 1286 and 1422. Photo ID: 2072-4. Photographer: Harold E. Foss.",,,,,94-folder12-item13,Image;StillImage,image/jpeg,eng,"In Public Domain. For more information, please contact University of Idaho Library Special Collections and Archives Department at libspec@uidaho.edu.",https://creativecommons.org/publicdomain/mark/1.0/,
,4-H_01.jpg,,,2019-05-30,,,,exhibits; 4-H; Uidaho Extension,,,,4-H_01,Image;StillImage,image/jpeg,eng,"In Public Domain. For more information, please contact University of Idaho Library Special Collections and Archives Department at libspec@uidaho.edu.",https://creativecommons.org/publicdomain/mark/1.0/,
,4-H_02.jpg,,,2019-05-30,,,,exhibits; 4-H; Uidaho Extension,,,,4-H_02,Image;StillImage,image/jpeg,eng,"In Public Domain. For more information, please contact University of Idaho Library Special Collections and Archives Department at libspec@uidaho.edu.",https://creativecommons.org/publicdomain/mark/1.0/,
,4-H_03.jpg,,,2019-05-30,,,,exhibits; 4-H; Uidaho Extension,,,,4-H_03,Image;StillImage,image/jpeg,eng,"In Public Domain. For more information, please contact University of Idaho Library Special Collections and Archives Department at libspec@uidaho.edu.",https://creativecommons.org/publicdomain/mark/1.0/,
lumber096,69-497.jpg,"UG 69, University of Idaho Women's Recreation Association Photographs",women skiing,,,,,photography of team sports; recreation; sports teams; team sports; university of idaho; women; moscow (Idaho),"Moscow, Idaho",,,69-497 ,Image;StillImage,image/jpeg,eng,"In Public Domain. For more information, please contact University of Idaho Library Special Collections and Archives Department at libspec@uidaho.edu.",https://creativecommons.org/publicdomain/mark/1.0/,
lumber097,69-499.jpg,"UG 69, University of Idaho Women's Recreation Association Photographs",women on skis,1931,y,,,photography of team sports; recreation; sports teams; team sports; university of idaho; women; moscow (Idaho),"Moscow, Idaho",,,69-499,Image;StillImage,image/jpeg,eng,"In Public Domain. For more information, please contact University of Idaho Library Special Collections and Archives Department at libspec@uidaho.edu.",https://creativecommons.org/publicdomain/mark/1.0/,
lumber098,phs_289_full.jpg,Potlatch Historical Society,Log Building,1915,y,,Men sitting and standing on a logs that have been constructed into a structure.,logging,,,,Gale_Woods2_93,Image;StillImage,image/jpeg,eng,"In Public Domain. For more information, please contact University of Idaho Library Special Collections and Archives Department at libspec@uidaho.edu.",https://creativecommons.org/publicdomain/mark/1.0/,
lumber099,phs_143_full.jpg,Potlatch Historical Society,Logging,1907,y,,A man sitting amongst a stack of logs.,logging,,,,Gale_Timber and Logging_77a,Image;StillImage,image/jpeg,eng,"In Public Domain. For more information, please contact University of Idaho Library Special Collections and Archives Department at libspec@uidaho.edu.",https://creativecommons.org/publicdomain/mark/1.0/,
lumber100,phs_163_full.jpg,Potlatch Historical Society,Pre Chain Saw Days,1915,y,,Two men using a crosscut saw to cut down a tree in a forest.,logging;trees;crosscut saws,,,,Gale_Woods2_03,Image;StillImage,image/jpeg,eng,"In Public Domain. For more information, please contact University of Idaho Library Special Collections and Archives Department at libspec@uidaho.edu.",https://creativecommons.org/publicdomain/mark/1.0/,
lumber101,phs_39_full.jpg,Potlatch Historical Society,Old Ponderosa Pine,1906-01-26,,,"Two men standing at the base of an old ponderosa pine, located in the mill yard at Potlatch, Idaho.",logging;trees,,46.924994,-116.895361,Gale_Timber and Logging_14,Image;StillImage,image/jpeg,eng,"In Public Domain. For more information, please contact University of Idaho Library Special Collections and Archives Department at libspec@uidaho.edu.",https://creativecommons.org/publicdomain/mark/1.0/,
lumber102,phs_74_full.jpg,Potlatch Historical Society,Skidding Logs,1932,y,,"Horses pulling logs on a dolly. One man is standing on top of the logs and another man, identified as Axel Anderson is standing next to the horses.",horses;logging,,,,Gale_Timber and Logging_36,Image;StillImage,image/jpeg,eng,"In Public Domain. For more information, please contact University of Idaho Library Special Collections and Archives Department at libspec@uidaho.edu.",https://creativecommons.org/publicdomain/mark/1.0/,
lumber103,rhnpc_88.jpg,River History of Nez Perce County Slides,"water-powered power flume for Charles Brown's mill 2 miles south of Grangeville, Idaho",,,,Original photograph came from the Greenberg Collection and Lewiston Tribune.,logging;flumes,,,,,Image;StillImage,image/jpeg,eng,"In Public Domain. For more information, please contact University of Idaho Library Special Collections and Archives Department at libspec@uidaho.edu.",https://creativecommons.org/publicdomain/mark/1.0/,
lumber104,rhnpc_94.jpg,River History of Nez Perce County Slides,"three-way flume at Benewah Creek in St. Joe National Forest, Idaho",,,,Original photograph came from the Lewiston Tribune.,logging;flumes,,,,,Image;StillImage,image/jpeg,eng,"In Public Domain. For more information, please contact University of Idaho Library Special Collections and Archives Department at libspec@uidaho.edu.",https://creativecommons.org/publicdomain/mark/1.0/,
lumber105,83_48_6.jpg,George W. Tabor Photographs,mine rescue crew,,,,,mining,,,,"PG 83, Folder 48, Item 6",Image;StillImage,image/jpeg,eng,"In Public Domain. For more information, please contact University of Idaho Library Special Collections and Archives Department at libspec@uidaho.edu.",https://creativecommons.org/publicdomain/mark/1.0/,
lumber106,83_47_8_3.jpg,George W. Tabor Photographs,mining photo,,,,,mining,,,,"PG 83, Folder 47, Item 8 (3)",Image;StillImage,image/jpeg,eng,"In Public Domain. For more information, please contact University of Idaho Library Special Collections and Archives Department at libspec@uidaho.edu.",https://creativecommons.org/publicdomain/mark/1.0/,
lumber107,83_47_8_2.jpg,George W. Tabor Photographs,mining photo,,,,,mining,,,,"PG 83, Folder 47, Item 8 (2)",Image;StillImage,image/jpeg,eng,"In Public Domain. For more information, please contact University of Idaho Library Special Collections and Archives Department at libspec@uidaho.edu.",https://creativecommons.org/publicdomain/mark/1.0/,
lumber108,83_47_1.jpg,George W. Tabor Photographs,"funeral for mining accident that killed 10 men after a cable broke, Mullan",1936-10-05,,,,mining;funerals,,,,"PG 83, Folder 47, Item 1",Image;StillImage,image/jpeg,eng,"In Public Domain. For more information, please contact University of Idaho Library Special Collections and Archives Department at libspec@uidaho.edu.",https://creativecommons.org/publicdomain/mark/1.0/,
lumber109,83_48_17_3.jpg,George W. Tabor Photographs,mining photo,,,,,mining,,,,"PG 83, Folder 48, Item 17 (3)",Image;StillImage,image/jpeg,eng,"In Public Domain. For more information, please contact University of Idaho Library Special Collections and Archives Department at libspec@uidaho.edu.",https://creativecommons.org/publicdomain/mark/1.0/,
lumber110,83_47_12_1.jpg,George W. Tabor Photographs,mining photo,,,,,mining,,,,"PG 83, Folder 47, Item 12 (1)",Image;StillImage,image/jpeg,eng,"In Public Domain. For more information, please contact University of Idaho Library Special Collections and Archives Department at libspec@uidaho.edu.",https://creativecommons.org/publicdomain/mark/1.0/,
lumber111,83_23_4001.jpg,George W. Tabor Photographs,"ore grinding mill, Hercules Mining Company",,,,,mining,,,,"PG 83, Folder 23",Image;StillImage,image/jpeg,eng,"In Public Domain. For more information, please contact University of Idaho Library Special Collections and Archives Department at libspec@uidaho.edu.",https://creativecommons.org/publicdomain/mark/1.0/,
lumber112,83_47_9_1.jpg,George W. Tabor Photographs,mining photo,,,,,mining,,,,"PG 83, Folder 47, Item 9 (1)",Image;StillImage,image/jpeg,eng,"In Public Domain. For more information, please contact University of Idaho Library Special Collections and Archives Department at libspec@uidaho.edu.",https://creativecommons.org/publicdomain/mark/1.0/,
lumber113,83_47_9_3.jpg,George W. Tabor Photographs,mining photo,,,,,mining,,,,"PG 83, Folder 47, Item 9 (3)",Image;StillImage,image/jpeg,eng,"In Public Domain. For more information, please contact University of Idaho Library Special Collections and Archives Department at libspec@uidaho.edu.",https://creativecommons.org/publicdomain/mark/1.0/,
lumber114,83_47_9_7.jpg,George W. Tabor Photographs,mining photo,,,,,mining,,,,"PG 83, Folder 47, Item 9 (7)",Image;StillImage,image/jpeg,eng,"In Public Domain. For more information, please contact University of Idaho Library Special Collections and Archives Department at libspec@uidaho.edu.",https://creativecommons.org/publicdomain/mark/1.0/,
lumber115,83_47_9_6.jpg,George W. Tabor Photographs,mining photo,,,,,mining,,,,"PG 83, Folder 47, Item 9 (6)",Image;StillImage,image/jpeg,eng,"In Public Domain. For more information, please contact University of Idaho Library Special Collections and Archives Department at libspec@uidaho.edu.",https://creativecommons.org/publicdomain/mark/1.0/,
lumber116,83_47_9_4.jpg,George W. Tabor Photographs,mining photo,,,,,mining,,,,"PG 83, Folder 47, Item 9 (4)",Image;StillImage,image/jpeg,eng,"In Public Domain. For more information, please contact University of Idaho Library Special Collections and Archives Department at libspec@uidaho.edu.",https://creativecommons.org/publicdomain/mark/1.0/,
lumber117,83_47_11_2.jpg,George W. Tabor Photographs,Silver Summit,1936-09-30,,,,mining,,,,"PG 83, Folder 47, Item 11 (2)",Image;StillImage,image/jpeg,eng,"In Public Domain. For more information, please contact University of Idaho Library Special Collections and Archives Department at libspec@uidaho.edu.",https://creativecommons.org/publicdomain/mark/1.0/,
lumber118,83_47_11_1.jpg,George W. Tabor Photographs,"Surface Plant of the Morning Mine of the Federal Mining and Smelting Company, Mullan",,,,"Caption on back of photo: ""Lead, Zinc, Silver producers""",mining,,,,"PG 83, Folder 47, Item 11 (1)",Image;StillImage,image/jpeg,eng,"In Public Domain. For more information, please contact University of Idaho Library Special Collections and Archives Department at libspec@uidaho.edu.",https://creativecommons.org/publicdomain/mark/1.0/,
lumber119,83_47_11_3.jpg,George W. Tabor Photographs,"Zinc Plant, Sullivan Mining Company in Kellogg",,,,"""Electrical Chemical Reduction Works producing 99.999 Zinc""",mining,,,,"PG 83, Folder 47, Item 11 (3)",Image;StillImage,image/jpeg,eng,"In Public Domain. For more information, please contact University of Idaho Library Special Collections and Archives Department at libspec@uidaho.edu.",https://creativecommons.org/publicdomain/mark/1.0/,
lumber120,83_48_19014.jpg,George W. Tabor Photographs,mining photo,,,,,mining,,,,"PG 83, Folder 48",Image;StillImage,image/jpeg,eng,"In Public Domain. For more information, please contact University of Idaho Library Special Collections and Archives Department at libspec@uidaho.edu.",https://creativecommons.org/publicdomain/mark/1.0/,
lumber121,83_48_5.jpg,George W. Tabor Photographs,mine rescue crew,,,,,mining,,,,"PG 83, Folder 48, Item 5",Image;StillImage,image/jpeg,eng,"In Public Domain. For more information, please contact University of Idaho Library Special Collections and Archives Department at libspec@uidaho.edu.",https://creativecommons.org/publicdomain/mark/1.0/,
lumber122,image023.jpg,"Reserve Officers Training Corps Records, 1942-2004","The Vandal Bugle April 1, 1953",1953-04-01,,,The debut issue of The Vandal Bugle.,military history;newsletter,"Moscow, ID",46.73235,-117.00038,"UG 60, Folder 10",Image;StillImage,image/jpeg,eng,"In Public Domain. For more information, please contact University of Idaho Library Special Collections and Archives Department at libspec@uidaho.edu.",https://creativecommons.org/publicdomain/mark/1.0/,
lumber123,image024.jpg,"Reserve Officers Training Corps Records, 1942-2004","The Vandal Bugle January 15, 1955",1955-01-15,,,An example of a comic in The Vandal Bugle.,comics (documents);military history;humor;newsletter,,46.73235,-117.00038,"UG 60, Folder 10",Image;StillImage,image/jpeg,eng,"In Public Domain. For more information, please contact University of Idaho Library Special Collections and Archives Department at libspec@uidaho.edu.",https://creativecommons.org/publicdomain/mark/1.0/,
lumber124,image025.jpg,"Reserve Officers Training Corps Records, 1942-2004","The Vandal Bungle, a satirical paper, March 1954",1954-03-01,y,,A satirical send-up of The Vandal Bugle,military history;newsletter,,46.73235,-117.00038,"UG 60, Folder 10",Image;StillImage,image/jpeg,eng,"In Public Domain. For more information, please contact University of Idaho Library Special Collections and Archives Department at libspec@uidaho.edu.",https://creativecommons.org/publicdomain/mark/1.0/,
lumber125,image026.jpg,"Reserve Officers Training Corps Records, 1942-2004",Vandal Cadet Review May 1972,1972-05-01,,,An issue of the Vandal Cadet Review.,military history;newsletter,,46.73235,-117.00038,"UG 60, Folder 10",Image;StillImage,image/jpeg,eng,"In Public Domain. For more information, please contact University of Idaho Library Special Collections and Archives Department at libspec@uidaho.edu.",https://creativecommons.org/publicdomain/mark/1.0/,
lumber126,image027.jpg,"Reserve Officers Training Corps Records, 1942-2004","A beardless Joe Vandal as depicted in The Vandal Cadet on December 11, 1961",1961-12-11,,,"A beardless Joe Vandal as depicted in The Vandal Cadet on December 11, 1961",,,46.73235,-117.00038,"UG 60, Folder 10",Image;StillImage,image/jpeg,eng,"In Public Domain. For more information, please contact University of Idaho Library Special Collections and Archives Department at libspec@uidaho.edu.",https://creativecommons.org/publicdomain/mark/1.0/,
lumber127,image028.jpg,"Reserve Officers Training Corps Records, 1942-2004",The first issue of the Vandal Middie,1948-11-15,,,The first issue of the Vandal Middie,military history;newsletter,,46.73235,-117.00038,"UG 60, Folder 15",Image;StillImage,image/jpeg,eng,"In Public Domain. For more information, please contact University of Idaho Library Special Collections and Archives Department at libspec@uidaho.edu.",https://creativecommons.org/publicdomain/mark/1.0/,
lumber128,image030.jpg,"Reserve Officers Training Corps Records, 1942-2004",An example of a comical cover for the Vandal Middie,1950-10-02,,,An example of a comical cover for the Vandal Middie,comics (documents);military history;humor;newsletter,,46.73235,-117.00038,"UG 60, Folder 15",Image;StillImage,image/jpeg,eng,"In Public Domain. For more information, please contact University of Idaho Library Special Collections and Archives Department at libspec@uidaho.edu.",https://creativecommons.org/publicdomain/mark/1.0/,
lumber129,image031.jpg,"Reserve Officers Training Corps Records, 1942-2004","An issue of The Leader from May 31, 1963",1963-05-31,,,"An issue of The Leader from May 31, 1963",newsletters;military history,,46.73235,-117.00038,"UG 60, Folder 15",Image;StillImage,image/jpeg,eng,"In Public Domain. For more information, please contact University of Idaho Library Special Collections and Archives Department at libspec@uidaho.edu.",https://creativecommons.org/publicdomain/mark/1.0/,
lumber130,image032.jpg,"Reserve Officers Training Corps Records, 1942-2004",An issue of the Lookout from Fall 1988,1988,y,,An issue of the Lookout from Fall 1988,newsletters;military history,,46.73235,-117.00038,"UG 60, Folder 15",Image;StillImage,image/jpeg,eng,"In Public Domain. For more information, please contact University of Idaho Library Special Collections and Archives Department at libspec@uidaho.edu.",https://creativecommons.org/publicdomain/mark/1.0/,
lumber131,image033.jpg,"Reserve Officers Training Corps Records, 1942-2004",The cover of the Navy Log from Spring 1982,1982,y,,The cover of the Navy Log from Spring 1982,navy (armed forces);military history,,46.73235,-117.00038,"UG 60, Folder 16",Image;StillImage,image/jpeg,eng,"In Public Domain. For more information, please contact University of Idaho Library Special Collections and Archives Department at libspec@uidaho.edu.",https://creativecommons.org/publicdomain/mark/1.0/,
lumber132,image034.jpg,"Reserve Officers Training Corps Records, 1942-2004",The cover of the Navy Log from 1987,1987,y,,The cover of the Navy Log from 1987,navy (armed forces);military history,,46.73235,-117.00038,"UG 60, Folder 16",Image;StillImage,image/jpeg,eng,"In Public Domain. For more information, please contact University of Idaho Library Special Collections and Archives Department at libspec@uidaho.edu.",https://creativecommons.org/publicdomain/mark/1.0/,
lumber133,image035.jpg,"Reserve Officers Training Corps Records, 1942-2004",The cover of the Navy Log from Fall 1984-Spring 1985,1984,y,,The cover of the Navy Log from Fall 1984-Spring 1985,navy (armed forces);military history,,46.73235,-117.00038,"UG 60, Folder 16",Image;StillImage,image/jpeg,eng,"In Public Domain. For more information, please contact University of Idaho Library Special Collections and Archives Department at libspec@uidaho.edu.",https://creativecommons.org/publicdomain/mark/1.0/,
lumber134,99-024-018.jpg,PG 99,view of Bitterroot Mountains from near Gold Pan Lake,1958,,,,wilderness;mountains,,,,99-024-018,Image;StillImage,image/jpeg,eng,"In Public Domain. For more information, please contact University of Idaho Library Special Collections and Archives Department at libspec@uidaho.edu.",https://creativecommons.org/publicdomain/mark/1.0/,
lumber135,99-G-005-10.jpg,PG 99,view of boat and Snake River. [Around Hells Canyon].,1943-10-30,,,"hunting trip with Dan Warren, Bert Bowlby, Clarence Jenks, Francis Schmidt, Dr. J.W. Barton, and Kyle Laughlin",canyons;wilderness,,,,99-G-005-10,Image;StillImage,image/jpeg,eng,"In Public Domain. For more information, please contact University of Idaho Library Special Collections and Archives Department at libspec@uidaho.edu.",https://creativecommons.org/publicdomain/mark/1.0/,
,PG 6-13-12.jpg,PG 6,Snake River,1967,y,,Power boats challenge the Snake River,rivers;boats;wilderness,,,,PG 6-13-12,Image;StillImage,image/jpeg,eng,"In Public Domain. For more information, please contact University of Idaho Library Special Collections and Archives Department at libspec@uidaho.edu.",https://creativecommons.org/publicdomain/mark/1.0/,
lumber137,PG99_H_114_004.jpg,PG 99,"Trappers Peak, the highest in the Bitterroot Mountains",1954-10-16,,,,wilderness;mountains,,,,99-H-114-04,Image;StillImage,image/jpeg,eng,"In Public Domain. For more information, please contact University of Idaho Library Special Collections and Archives Department at libspec@uidaho.edu.",https://creativecommons.org/publicdomain/mark/1.0/,
lumber138,hamptonnationalmedal-01.jpg,Taken by Special Collections Staff,SEM Scan of National Medal of Arts,2020-02-20,,"Berge, Courtney",Image taken by the Scanning Electron Microscope (SEM) of the surface of the medal. SEMs can scan an area up to 5 microns. ,jazz;medals;artifacts;,,,,hamptonnationalmedal-01,Image;StillImage,image/jpeg,eng,"In Public Domain. For more information, please contact University of Idaho Library Special Collections and Archives Department at libspec@uidaho.edu.",https://creativecommons.org/publicdomain/mark/1.0/,
lumber139,hamptonnationalmedal-02.jpg,Taken by Special Collections Staff,SEM Scan of National Medal of Arts,2020-02-20,,"Berge, Courtney",Image taken by the Scanning Electron Microscope (SEM) of the surface of the medal. SEMs can scan an area up to 5 microns. ,jazz;medals;artifacts;,,,,hamptonnationalmedal-02,Image;StillImage,image/jpeg,eng,"In Public Domain. For more information, please contact University of Idaho Library Special Collections and Archives Department at libspec@uidaho.edu.",https://creativecommons.org/publicdomain/mark/1.0/,
lumber140,hamptonnationalmedal-03.jpg,Taken by Special Collections Staff,SEM Scan of National Medal of Arts,2020-02-20,,"Berge, Courtney",Image taken by the Scanning Electron Microscope (SEM) of the surface of the medal. SEMs can scan an area up to 5 microns. ,jazz;medals;artifacts;,,,,hamptonnationalmedal-03,Image;StillImage,image/jpeg,eng,"In Public Domain. For more information, please contact University of Idaho Library Special Collections and Archives Department at libspec@uidaho.edu.",https://creativecommons.org/publicdomain/mark/1.0/,
lumber141,hamptonnationalmedal-04.jpg,Taken by Special Collections Staff,SEM Scan of National Medal of Arts,2020-02-20,,"Berge, Courtney",Image taken by the Scanning Electron Microscope (SEM) of the surface of the medal. SEMs can scan an area up to 5 microns. ,jazz;medals;artifacts;,,,,hamptonnationalmedal-04,Image;StillImage,image/jpeg,eng,"In Public Domain. For more information, please contact University of Idaho Library Special Collections and Archives Department at libspec@uidaho.edu.",https://creativecommons.org/publicdomain/mark/1.0/,
lumber142,hamptonnationalmedal-05.jpg,Taken by Special Collections Staff,SEM Scan of National Medal of Arts,2020-02-20,,"Berge, Courtney",Image taken by the Scanning Electron Microscope (SEM) of the surface of the medal. SEMs can scan an area up to 5 microns. ,jazz;medals;artifacts;,,,,hamptonnationalmedal-05,Image;StillImage,image/jpeg,eng,"In Public Domain. For more information, please contact University of Idaho Library Special Collections and Archives Department at libspec@uidaho.edu.",https://creativecommons.org/publicdomain/mark/1.0/,
lumber143,hamptonnationalmedal-06.jpg,Taken by Special Collections Staff,Discoloration of National Medal of Arts-front,2020-02-20,,"Berge, Courtney",Discoloration and deterioration of Lionel Hampton's National Medal of the Arts,jazz;medals;artifacts;,,,,hamptonnationalmedal-06,Image;StillImage,image/jpeg,eng,"In Public Domain. For more information, please contact University of Idaho Library Special Collections and Archives Department at libspec@uidaho.edu.",https://creativecommons.org/publicdomain/mark/1.0/,
lumber144,hamptonnationalmedal-07.jpg,Taken by Special Collections Staff,Discoloration of National Medal of Arts-back,2020-02-20,,"Berge, Courtney",Discoloration and deterioration of Lionel Hampton's National Medal of the Arts,jazz;medals;artifacts;,,,,hamptonnationalmedal-07,Image;StillImage,image/jpeg,eng,"In Public Domain. For more information, please contact University of Idaho Library Special Collections and Archives Department at libspec@uidaho.edu.",https://creativecommons.org/publicdomain/mark/1.0/,
lumber145,hamptonnationalmedal-08.jpg,Taken by Special Collections Staff,Discoloration of National Medal of Arts-front,2020-02-20,,"Berge, Courtney",Discoloration and deterioration of Lionel Hampton's National Medal of the Arts,jazz;medals;artifacts;,,,,hamptonnationalmedal-08,Image;StillImage,image/jpeg,eng,"In Public Domain. For more information, please contact University of Idaho Library Special Collections and Archives Department at libspec@uidaho.edu.",https://creativecommons.org/publicdomain/mark/1.0/,
lumber146,hamptonnationalmedal-09.jpg,Taken by Special Collections Staff,Discoloration of National Medal of Arts-front,2020-02-20,,"Berge, Courtney",Discoloration and deterioration of Lionel Hampton's National Medal of the Arts,jazz;medals;artifacts;,,,,hamptonnationalmedal-09,Image;StillImage,image/jpeg,eng,"In Public Domain. For more information, please contact University of Idaho Library Special Collections and Archives Department at libspec@uidaho.edu.",https://creativecommons.org/publicdomain/mark/1.0/,
lumber147,hamptonnationalmedal-10.jpg,Taken by Special Collections Staff,Scanning Electron Microscope,2020-02-20,,"Berge, Courtney",Photograph of Scanning Electron Microscope (SEM) in the University of Idaho Department of Geological Sciences,jazz;medals;artifacts;,,,,hamptonnationalmedal-10,Image;StillImage,image/jpeg,eng,"In Public Domain. For more information, please contact University of Idaho Library Special Collections and Archives Department at libspec@uidaho.edu.",https://creativecommons.org/publicdomain/mark/1.0/,
lumber148,hamptonnationalmedal-11.jpg,Taken by Special Collections Staff,National Medal of Arts on Scanner Bed,2020-02-20,,"Berge, Courtney",Lionel Hampton's National Medal of Arts in the bed of the Scanning Electron Microscope (SEM),jazz;medals;artifacts;,,,,hamptonnationalmedal-11,Image;StillImage,image/jpeg,eng,"In Public Domain. For more information, please contact University of Idaho Library Special Collections and Archives Department at libspec@uidaho.edu.",https://creativecommons.org/publicdomain/mark/1.0/,
lumber149,hamptonnationalmedal-12.jpg,Taken by Special Collections Staff,Video Feed From Scanner,2020-02-20,,"Berge, Courtney",The video feed of the monitor allowed us to position the scanner at specific points on the medal,jazz;medals;artifacts;,,,,hamptonnationalmedal-12,Image;StillImage,image/jpeg,eng,"In Public Domain. For more information, please contact University of Idaho Library Special Collections and Archives Department at libspec@uidaho.edu.",https://creativecommons.org/publicdomain/mark/1.0/,
lumber150,hamptonnationalmedal-13.jpg,Taken by Special Collections Staff,Reading of Medal's Chemical Composition,2020-02-20,,"Berge, Courtney","At each point of the scan, the Scanning Electron Microscope (SEM) would give off the metallic composition of the medal being scanned",jazz;medals;artifacts;,,,,hamptonnationalmedal-13,Image;StillImage,image/jpeg,eng,"In Public Domain. For more information, please contact University of Idaho Library Special Collections and Archives Department at libspec@uidaho.edu.",https://creativecommons.org/publicdomain/mark/1.0/,
lumber151,hamptonnationalmedal-14.jpg,Taken by Special Collections Staff,Topographic View of National Medal of Arts,2020-02-20,,"Berge, Courtney",View of Scanning Electron Microscope (SEM) scan on computer screen.,jazz;medals;artifacts;,,,,hamptonnationalmedal-14,Image;StillImage,image/jpeg,eng,"In Public Domain. For more information, please contact University of Idaho Library Special Collections and Archives Department at libspec@uidaho.edu.",https://creativecommons.org/publicdomain/mark/1.0/,
lumber152,hamptonnationalmedal-15.jpg,Taken by Special Collections Staff,Topographic View of National Medal of Arts,2020-02-20,,"Berge, Courtney",View of Scanning Electron Microscope (SEM) scan on computer screen.,jazz;medals;artifacts;,,,,hamptonnationalmedal-15,Image;StillImage,image/jpeg,eng,"In Public Domain. For more information, please contact University of Idaho Library Special Collections and Archives Department at libspec@uidaho.edu.",https://creativecommons.org/publicdomain/mark/1.0/,
lumber153,PG6_159_3j.jpg,PG 6,"Fish Fin headwall at head of Doe Creek, Clearwater National Forest",1983,,,View is south. East of Blacklead Mountain. Inside proposed Great Burn Wilderness,wilderness,,,,PG6_159_3j,Image;StillImage,image/jpeg,eng,"In Public Domain. For more information, please contact University of Idaho Library Special Collections and Archives Department at libspec@uidaho.edu.",https://creativecommons.org/publicdomain/mark/1.0/,
lumber154,PG6_159_3a.jpg,PG 6,"Freezeout Road and Grandmother Mountain roadless area, east of Clarkia",1983,,,View is North. Taken in summer,wilderness,,,,PG6_159_3a,Image;StillImage,image/jpeg,eng,"In Public Domain. For more information, please contact University of Idaho Library Special Collections and Archives Department at libspec@uidaho.edu.",https://creativecommons.org/publicdomain/mark/1.0/,
lumber155,PG6_159_3e.jpg,PG 6,"Elk Summit area, Powell Ranger District",1983,,,"View southwest across Walton Lakes, Bitterroot Divide and Headwaters of Moose Creek in background",wilderness,,,,PG6_159_3e,Image;StillImage,image/jpeg,eng,"In Public Domain. For more information, please contact University of Idaho Library Special Collections and Archives Department at libspec@uidaho.edu.",https://creativecommons.org/publicdomain/mark/1.0/,
lumber156,PG6_13_659.jpg,PG 6,"Clearwater River, North Fork",1955,,,"Just about the mouth of Elk Creek (now under 600 feet from Dworshak Dam). ""The open road on the left side is a road built by CCC in 1934 and never used because it never went anywhere but a couple miles. It was too tough for the CCC program. It was ended, but the idea was to build a road up the river in 1934.""",rivers;wilderness,,,,PG6_13_659,Image;StillImage,image/jpeg,eng,"In Public Domain. For more information, please contact University of Idaho Library Special Collections and Archives Department at libspec@uidaho.edu.",https://creativecommons.org/publicdomain/mark/1.0/,
lumber157,PG6_69_3.jpg,PG 6,Craters of the Moon National Monument,,,,Symmetrical Spatter Cones with Big Cinder Butte in background,lava;craters (landforms);wilderness,,,,PG6_69_3,Image;StillImage,image/jpeg,eng,"In Public Domain. For more information, please contact University of Idaho Library Special Collections and Archives Department at libspec@uidaho.edu.",https://creativecommons.org/publicdomain/mark/1.0/,
lumber158,PG6_69_4.jpg,PG 6,Craters of the Moon National Monument,,,,another lava flow that was colored brown. Between the rolls or folds were thousands of sword ferns growing in dust that had been carried in by the wind.,lava;craters (landforms);wilderness,,,,PG6_69_4,Image;StillImage,image/jpeg,eng,"In Public Domain. For more information, please contact University of Idaho Library Special Collections and Archives Department at libspec@uidaho.edu.",https://creativecommons.org/publicdomain/mark/1.0/,
lumber159,MG376_5-171-001.jpg,MG 376,Douglas Fir Tussock Moth male 6th instar larva,,,L.N. Kline,"The sixth development stage, or instar, of the Douglas Fir Tussock Moth larva shown on a Douglas Fir branch. Larvae typically go through 4-6 instars, but can go up to 7 under stressful situations. Mature larvae are typically 32 mm (1 1/4 in) long, with two long black horn-like tufts of hair projecting forward above their heads while short and long irritant hairs cover their bodies. The hairs of Douglas-fir tussock moth larvae can cause an allergic reaction called tussockosis in people, pets, and other animals. ",insects;trees,,,,MG376_5-171-001,Image;StillImage,image/jpeg,eng,"In Public Domain. For more information, please contact University of Idaho Library Special Collections and Archives Department at libspec@uidaho.edu.",https://creativecommons.org/publicdomain/mark/1.0/,
lumber160,MG376_5-171-002.jpg,MG 376,Defoliation in a mixed conifer stand by the Douglas Fir Tussock Moth,1973,,H.L. Osborne,"A forested hillside at approximately 4,000 feet in elevation showing defoliation and the resulting brown, dead-looking coniferous trees in the Gold Hill area, ENE of Potlatch, Idaho in the St. Joe National Forest. ",forests;insects;trees,Gold Hill,46.968042,-116.792625,MG376_5-171-002,Image;StillImage,image/jpeg,eng,"In Public Domain. For more information, please contact University of Idaho Library Special Collections and Archives Department at libspec@uidaho.edu.",https://creativecommons.org/publicdomain/mark/1.0/,
lumber161,MG376_5-171-003.jpg,MG 376,Defoliation in a second growth stand of Ponderosa Pine and Douglas Fir,1973-06-01,,D.L. Miller,"Swaths of defoliated second growth Douglas Fir and Ponderosa Pine trees on what appears to be a hillside, near La Grande, Oregon. Second growth are the trees that have re-grown after the forest has been logged. Multiple years of defoliation shows. ",forests;insects;trees,"La Grande, OR",45.32571,-118.087975,MG376_5-171-003,Image;StillImage,image/jpeg,eng,"In Public Domain. For more information, please contact University of Idaho Library Special Collections and Archives Department at libspec@uidaho.edu.",https://creativecommons.org/publicdomain/mark/1.0/,
lumber162,MG376_5-171-004.jpg,MG 376,Heavy defoliation of Grand Fir and Douglas Fir,1973-10-01,,H.L. Osborne,"A close-up look at multiple individual mature Grand Fir and Douglas Fir trees showing defoliation. This stand of trees is at Crane Point, 10 miles NE of Potlatch, Idaho, and approximately 3,800 feet in elevation.",forests;insects;trees,Crane Point,47.044276,-116.801734,MG376_5-171-004,Image;StillImage,image/jpeg,eng,"In Public Domain. For more information, please contact University of Idaho Library Special Collections and Archives Department at libspec@uidaho.edu.",https://creativecommons.org/publicdomain/mark/1.0/,
lumber163,MG376_5-171-005.jpg,MG 376,Adult male Douglas Fir Tussock Moth,,,L.N. Kline,"An adult male Tussock Moth on a Douglas Fir branch. Adult males have feathery (plumose) antennae, gray-brown bodies, and a wingspread of about 3.2 cm (1 inches). The forewings have two small whitish spots close to the outer edges, and two muted black wavy
bands against a gray-brown mottled background. The hindwings are a contrasting brown color. ",insects;trees,,,,MG376_5-171-005,Image;StillImage,image/jpeg,eng,"In Public Domain. For more information, please contact University of Idaho Library Special Collections and Archives Department at libspec@uidaho.edu.",https://creativecommons.org/publicdomain/mark/1.0/,
lumber164,MG376_5-171-006.jpg,MG 376,Young Grand Fir completely defoliated,1973,,L. Livingstone,"An individual young Grand Fir tree completely defoliated by Tussock Moths. Newlyhatched larvae gather and feed primarily on the underside of new foliage at the tops and outer branches of host trees, causing needles to shrivel and turn brown. Larvae that hatch on defoliated trees spin down on long silken threads, to be caught on the wind and possibly blown considerable distances; a process referred to as ballooning. Dangling larvae are possibly seen in this photo.",insects;trees,North Idaho,46.98746,-116.812915,MG376_5-171-006,Image;StillImage,image/jpeg,eng,"In Public Domain. For more information, please contact University of Idaho Library Special Collections and Archives Department at libspec@uidaho.edu.",https://creativecommons.org/publicdomain/mark/1.0/,
lumber165,MG5758_001.jpg,MG 5758,portrait of Jennie Eva Hughes,1899,y,,,portraits;studio portraits;African American,,,,MG 5758,Image;StillImage,image/jpeg,eng,"In Public Domain. For more information, please contact University of Idaho Library Special Collections and Archives Department at libspec@uidaho.edu.",https://creativecommons.org/publicdomain/mark/1.0/,
lumber166,MA2000_29_001.jpg,MA 2000_29,Jennie Eva Hughes' student registration card,1898,,,,matriculation;African American,,,,MA 2000_29,Image;StillImage,image/jpeg,eng,"In Public Domain. For more information, please contact University of Idaho Library Special Collections and Archives Department at libspec@uidaho.edu.",https://creativecommons.org/publicdomain/mark/1.0/,
lumber167,MA2000_29_002.jpg,MA 2000_29,Jennie Eva Hughes' student registration card,1899,,,,matriculation;African American,,,,MA 2000_29,Image;StillImage,image/jpeg,eng,"In Public Domain. For more information, please contact University of Idaho Library Special Collections and Archives Department at libspec@uidaho.edu.",https://creativecommons.org/publicdomain/mark/1.0/,
lumber168,MG5758_002.jpg,MG 5758,portrait of Jennie Eva Hughes,1899,y,,,portraits;studio portraits;African American,,,,MG 5758,Image;StillImage,image/jpeg,eng,"In Public Domain. For more information, please contact University of Idaho Library Special Collections and Archives Department at libspec@uidaho.edu.",https://creativecommons.org/publicdomain/mark/1.0/,
lumber169,MG5758_004.jpg,MG 5758,"article in ""The Spokesman"" regarding the oratorical event and Jennie Eva Hughes' win",1898,,,,newspaper clippings;African American;,,,,MG 5758,Image;StillImage,image/jpeg,eng,"In Public Domain. For more information, please contact University of Idaho Library Special Collections and Archives Department at libspec@uidaho.edu.",https://creativecommons.org/publicdomain/mark/1.0/,
lumber170,MG5758_003.pdf,MG 5758,"""The Uncrowned King"" by Jennie Eva Hughes",1898,,,"This speech won Hughes the medal oration on April 15, 1898",speeches (documents);manuscripts (documents);African American,,,,MG 5758,,application/pdf,eng,"In Public Domain. For more information, please contact University of Idaho Library Special Collections and Archives Department at libspec@uidaho.edu.",https://creativecommons.org/publicdomain/mark/1.0/,
lumber171,MG376_5-169-3-005.jpg,MG 376,Damage to Western White Pine Cones caused by Lodgepole Cone Moth,,,,"Western white pine cones from Northern Idaho with 100 percent (left) and 50 percent (right) damage by lodgepole cone moth, Eucosma rescissoriana Hein. larva. Non-infested cone is shown in center.",cones (fruits),North Idaho,46.98746,-116.812915,MG376_5-169-3-005,Image;StillImage,image/jpeg,eng,"In Public Domain. For more information, please contact University of Idaho Library Special Collections and Archives Department at libspec@uidaho.edu.",https://creativecommons.org/publicdomain/mark/1.0/,
lumber172,,MG 23,Hercules and Hecla Surface Plants,1926-03-20,,Harry Webb Marsh,"Hercules and Hecla Surface Plants at Burke, and dredging operations at Murray, March 20, 1926. These are mostly surface panoramic shots of the mining companies and the surrounding forests.",mining;film;early cameras;,"Burke, ID",47.51975444,-115.8194246,faf3n-hmXE8,Image;MovingImage,video/mp4,eng,"In Public Domain. For more information, please contact University of Idaho Library Special Collections and Archives Department at libspec@uidaho.edu.",https://creativecommons.org/publicdomain/mark/1.0/,faf3n-hmXE8
lumber173,,MG 23,"Bunker Hill and Sullivan Smelter, 1926",1926-03-16,,Harry Webb Marsh,"Bunker Hill and Sullivan Smelter, March 16, 1926.  Scenes show houses, railroad yard, a smelter building with smokestack, and a railroad trestle with mountains in the background.  Also a scene showing cast iron kettles capable of holding 100 tons of molten lead. ",mining;film;early cameras;,"Burke, ID;Murray,ID",47.62685979,-115.8597431,bmJbQg-UGkQ,Image;MovingImage,video/mp5,eng,"In Public Domain. For more information, please contact University of Idaho Library Special Collections and Archives Department at libspec@uidaho.edu.",https://creativecommons.org/publicdomain/mark/1.0/,bmJbQg-UGkQ
lumber174,,MG 23,Coeur d'Alene Mines and the Little Sunshine Mine,1930,y,Harry Webb Marsh,"The Coeur dAlene Mines and the Little Sunshine Mine, 1930.  Aerial views of the Coeur dAlene Mining District were shot by Marsh from the open window of an airplane.  A scene of some of the miners is entitled Sourdoughs. Included is footage of the Tamarack and Custer mines at Dorn, and the Dayrock, Morning, Bunker Hill, and Little Sunshine mines.",mining;film;early cameras;,Dayrock Mine; Morning Mine;Bunker Hill; Little Sunshine Mine,47.5116179,-116.1451654,k3ENQ4wlAEc,Image;MovingImage,video/mp6,eng,"In Public Domain. For more information, please contact University of Idaho Library Special Collections and Archives Department at libspec@uidaho.edu.",https://creativecommons.org/publicdomain/mark/1.0/,k3ENQ4wlAEc
lumber175,,MG 23,"Film of Stibnite; Bunker Hill, Burke Canyon.  1950",1950,,,"Stibnite, Idaho and the Bradley Mining Co. scenes from 1950, showing surface operations from a high vantage point, vans, a bulldozer at work, much on the miners hospital and surrounding residences.  Bunker Hill mining operations, showing pit mining as viewed from top rim, panoramic shots of surface operations, a close-up of a Bucyrus-Erie 54B steam shovel at work loading dirt into a truck, with views of surrounding residences of the miners.  Morning Star mine residential areas and new streetlights.  Hercules mine showing residential housing, and Burke, Idaho showing local terrain around the town/mine.",mining;film;,"Mullan, ID;Burke, ID; Gem, ID; Stibnite, Id",47.50736316,-115.8669086,lYDU-GzYNn0,Image;MovingImage,video/mp7,eng,"In Public Domain. For more information, please contact University of Idaho Library Special Collections and Archives Department at libspec@uidaho.edu.",https://creativecommons.org/publicdomain/mark/1.0/,lYDU-GzYNn0
lumber176,,MG 23,Film of Page Mine; Bunker Hill; Yankee Fork. ,1949,y,,"Much footage of the Page Mine sawmill, with panoramic views of the town and mining site, and people. The Bunker Hill smelter views include the industrial and surrounding residential areas. The final segment of dredging operations on the Yankee Fork shows a boat with dredging equipment moving slowly down the river using bucket scoops on the streambed/streambank as it uses water to separate gold from mud.",mining;film;,Page Mine; Bunker Hill; Yankee Fork,47.52796404,-116.2007654,tfKhdCqoL_w,Image;MovingImage,video/mp8,eng,"In Public Domain. For more information, please contact University of Idaho Library Special Collections and Archives Department at libspec@uidaho.edu.",https://creativecommons.org/publicdomain/mark/1.0/,tfKhdCqoL_w
lumber177,155489238724_0.jpg,PG 1,Art and Architecture South building,,,,,art;architecture;buildings,,,,PG 1-54-10,Image;StillImage,image/jpeg,eng,"In Public Domain. For more information, please contact University of Idaho Library Special Collections and Archives Department at libspec@uidaho.edu.",https://creativecommons.org/publicdomain/mark/1.0/,
lumber178,155489238724_1.jpg,,Art and Architecture South building,2017,,Amy J. Thompson,,art;architecture;buildings,,,,,Image;StillImage,image/jpeg,eng,"In Public Domain. For more information, please contact University of Idaho Library Special Collections and Archives Department at libspec@uidaho.edu.",https://creativecommons.org/publicdomain/mark/1.0/,
lumber179,149136096198_0.jpg,PG 1,University of Idaho Library,1957,,,,libraries;buildings,,,,PG 1-122-1,Image;StillImage,image/jpeg,eng,"In Public Domain. For more information, please contact University of Idaho Library Special Collections and Archives Department at libspec@uidaho.edu.",https://creativecommons.org/publicdomain/mark/1.0/,
lumber180,149136096198_1.jpg,,University of Idaho Library,2016,,Amy J. Thompson,,libraries;buildings,,,,,Image;StillImage,image/jpeg,eng,"In Public Domain. For more information, please contact University of Idaho Library Special Collections and Archives Department at libspec@uidaho.edu.",https://creativecommons.org/publicdomain/mark/1.0/,
lumber181,171326251648_0.jpg,PG 2,"center section, all-girl band",1943,,,,women;bands;music,,,,PG 2-170-2,Image;StillImage,image/jpeg,eng,"In Public Domain. For more information, please contact University of Idaho Library Special Collections and Archives Department at libspec@uidaho.edu.",https://creativecommons.org/publicdomain/mark/1.0/,
lumber182,171326251648_1.jpg,PG 2,"group photo with conductor, all-girl band",1943,,,,women;bands;music,,,,PG 2-170-4,Image;StillImage,image/jpeg,eng,"In Public Domain. For more information, please contact University of Idaho Library Special Collections and Archives Department at libspec@uidaho.edu.",https://creativecommons.org/publicdomain/mark/1.0/,
lumber183,171326251648_2.jpg,PG 2,"group photo, all-girl orchestra and chorus",1945,,,,women;bands;music,,,,PG 2-260-1,Image;StillImage,image/jpeg,eng,"In Public Domain. For more information, please contact University of Idaho Library Special Collections and Archives Department at libspec@uidaho.edu.",https://creativecommons.org/publicdomain/mark/1.0/,
lumber184,145020316918_0.jpg,,,,,,,,,,,,Image;StillImage,image/jpeg,eng,"In Public Domain. For more information, please contact University of Idaho Library Special Collections and Archives Department at libspec@uidaho.edu.",https://creativecommons.org/publicdomain/mark/1.0/,
lumber185,145020316918_0.jpg,PG 5,Main Street Moscow,1896,,,,main streets,,,,PG 5-1-13s,Image;StillImage,image/jpeg,eng,"In Public Domain. For more information, please contact University of Idaho Library Special Collections and Archives Department at libspec@uidaho.edu.",https://creativecommons.org/publicdomain/mark/1.0/,
lumber186,145020316918_1.jpg,,Main Street Moscow,2016,,Amy J. Thompson,,main streets,,,,,Image;StillImage,image/jpeg,eng,"In Public Domain. For more information, please contact University of Idaho Library Special Collections and Archives Department at libspec@uidaho.edu.",https://creativecommons.org/publicdomain/mark/1.0/,
lumber187,RobertBurns_001.jpg,Complete Works of Robert Burns,Robert Burns,1898,,,Etching of Robert Burns foundin Vol. 1 of the Complete Works of Robert Burns,poets,,,,Day 2 PR4300.1898.P4.v1.pt1,Image;StillImage,image/jpeg,eng,"In Public Domain. For more information, please contact University of Idaho Library Special Collections and Archives Department at libspec@uidaho.edu.",https://creativecommons.org/publicdomain/mark/1.0/,
lumber188,167276694898_0.jpg,PG 1,"Library Special Collections, second floor",1957,,,photographer: Roy Bell?,libraries;buildings,,,,PG 1-122-047,Image;StillImage,image/jpeg,eng,"In Public Domain. For more information, please contact University of Idaho Library Special Collections and Archives Department at libspec@uidaho.edu.",https://creativecommons.org/publicdomain/mark/1.0/,
lumber189,167276694898_1.jpg,,"Library Special Collections Reading Room, first floor",2017,,Amy J. Thompson,,libraries;buildings,,,,,Image;StillImage,image/jpeg,eng,"In Public Domain. For more information, please contact University of Idaho Library Special Collections and Archives Department at libspec@uidaho.edu.",https://creativecommons.org/publicdomain/mark/1.0/,
lumber190,166829880343_0.jpg,PG 1,"Library, University of Idaho, map area, second floor",1957,,,photographer: Roy Bell?,libraries;buildings;maps,,,,PG 1-122-049,Image;StillImage,image/jpeg,eng,"In Public Domain. For more information, please contact University of Idaho Library Special Collections and Archives Department at libspec@uidaho.edu.",https://creativecommons.org/publicdomain/mark/1.0/,
lumber191,166829880343_1.jpg,,"Library map room, first floor",2017,,Amy J. Thompson,,libraries;buildings;maps,,,,,Image;StillImage,image/jpeg,eng,"In Public Domain. For more information, please contact University of Idaho Library Special Collections and Archives Department at libspec@uidaho.edu.",https://creativecommons.org/publicdomain/mark/1.0/,
lumber192,166721745578_0.jpg,PG 1,Library main lobby,1957,,,,libraries;buildings,,,,PG 1-122-014,Image;StillImage,image/jpeg,eng,"In Public Domain. For more information, please contact University of Idaho Library Special Collections and Archives Department at libspec@uidaho.edu.",https://creativecommons.org/publicdomain/mark/1.0/,
lumber193,166721745578_1.jpg,,Library main lobby,2017,,Amy J. Thompson,,libraries;buildings,,,,,Image;StillImage,image/jpeg,eng,"In Public Domain. For more information, please contact University of Idaho Library Special Collections and Archives Department at libspec@uidaho.edu.",https://creativecommons.org/publicdomain/mark/1.0/,
lumber194,164717601043_0.jpg,PG 5,"Main Street from intersection of Main and 5th, Moscow, Idaho",1892,,,,main streets,,,,PG 5-001-13f,Image;StillImage,image/jpeg,eng,"In Public Domain. For more information, please contact University of Idaho Library Special Collections and Archives Department at libspec@uidaho.edu.",https://creativecommons.org/publicdomain/mark/1.0/,
lumber195,164717601043_1.jpg,,"Main Street from intersection of Main and 5th, Moscow, Idaho",2017,,Amy J. Thompson,,main streets,,,,,Image;StillImage,image/jpeg,eng,"In Public Domain. For more information, please contact University of Idaho Library Special Collections and Archives Department at libspec@uidaho.edu.",https://creativecommons.org/publicdomain/mark/1.0/,
lumber196,164191370748_0.jpg,PG 90,"Main Street, Deary, Idaho, looking north, before the big fire, 1910",1910,,,,main streets,,,,PG 90-05-094,Image;StillImage,image/jpeg,eng,"In Public Domain. For more information, please contact University of Idaho Library Special Collections and Archives Department at libspec@uidaho.edu.",https://creativecommons.org/publicdomain/mark/1.0/,
lumber197,164191370748_1.jpg,,"Main Street, Deary, Idaho, looking north ",2017,,Amy J. Thompson,,main streets,,,,,Image;StillImage,image/jpeg,eng,"In Public Domain. For more information, please contact University of Idaho Library Special Collections and Archives Department at libspec@uidaho.edu.",https://creativecommons.org/publicdomain/mark/1.0/,
lumber198,166582043888_1.jpg,,UI Library newspaper section,2017,,Amy J. Thompson,,libraries;buildings,,,,,Image;StillImage,image/jpeg,eng,"In Public Domain. For more information, please contact University of Idaho Library Special Collections and Archives Department at libspec@uidaho.edu.",https://creativecommons.org/publicdomain/mark/1.0/,
lumber199,DayNW_HC108_B6_B65_1907.jpg,Day-NW,"Boise and Interurban Railway Co. Ltd.: Souvenir ed., showing scenery along the route of the Boise and Interurban Railway, Boise, and Caldwell (1907)",1907,,,,railroads;rare books,,,,DayNW_HC108_B6_B65_1907.jpg,Image;StillImage,image/jpeg,eng,"In Public Domain. For more information, please contact University of Idaho Library Special Collections and Archives Department at libspec@uidaho.edu.",https://creativecommons.org/publicdomain/mark/1.0/,
lumber200,PG6_9_2.jpg,PG 6,University of Idaho seal,,,,,seals,,,,PG 6_9_2,Image;StillImage,image/jpeg,eng,"In Public Domain. For more information, please contact University of Idaho Library Special Collections and Archives Department at libspec@uidaho.edu.",https://creativecommons.org/publicdomain/mark/1.0/,
lumber201,UG31_Folder167_028.jpg,UG 31,Explosion at Nagasaki,1945,yes,,,exlposions;nuclear bombs,,,,UG31_Folder167_028,Image;StillImage,image/jpeg,eng,"In Public Domain. For more information, please contact University of Idaho Library Special Collections and Archives Department at libspec@uidaho.edu.",https://creativecommons.org/publicdomain/mark/1.0/,
lumber202,IMG_5197.jpg,,Roof tiles blown from buildings by the force of the bomb.,1945,yes,Courtney E. Berge,,artifacts;roofing tiles;rubble,,,,,Image;StillImage,image/jpeg,eng,"In Public Domain. For more information, please contact University of Idaho Library Special Collections and Archives Department at libspec@uidaho.edu.",https://creativecommons.org/publicdomain/mark/1.0/,
lumber203,"MA2019-39_01.pdf",,"Letter from Hiroshima University President, Tatsuo Morito, to the University of Idaho",1951-01-25,,"Tatsuo Morito
",,correspondence;request,,,,"MA2019-39_01
",Image;StillImage,"application/pdf",eng,"In Public Domain. For more information, please contact University of Idaho Library Special Collections and Archives Department at libspec@uidaho.edu.",https://creativecommons.org/publicdomain/mark/1.0/,
lumber204,20181031_141621.mp4,MG 391,Three Unidentified Children,,,Amy J. Thompson,Video of a daguerreotype with three unidentified children,daguerreotypes (photographs);children,,,,MG391_3-133,Image;MovingImage,video/mp4,eng,"In Public Domain. For more information, please contact University of Idaho Library Special Collections and Archives Department at libspec@uidaho.edu.",https://creativecommons.org/publicdomain/mark/1.0/,
lumber205,611319093824487424_0.jpg,UA 2016-29,Joshua Redman playing the saxophone,,,,,jazz;music;saxophones;concerts;,,,,UA 2016-29,Image;StillImage,image/jpeg,eng,"In Public Domain. For more information, please contact University of Idaho Library Special Collections and Archives Department at libspec@uidaho.edu.",https://creativecommons.org/publicdomain/mark/1.0/,
lumber206,188988740483_0.jpg,PG 40 WOR2,"WWI soldiers marching down Main Street Moscow, Idaho",1918,no,,,war;parades;military history;main streets,,,,PG 40 WOR2,Image;StillImage,image/jpeg,eng,"In Public Domain. For more information, please contact University of Idaho Library Special Collections and Archives Department at libspec@uidaho.edu.",https://creativecommons.org/publicdomain/mark/1.0/,
lumber207,188433028796_0.jpg,PG 2,Vandal serpentine event in downtown Moscow,circa 1950,yes,,,parades;students,,,,PG 2-84-4,Image;StillImage,image/jpeg,eng,"In Public Domain. For more information, please contact University of Idaho Library Special Collections and Archives Department at libspec@uidaho.edu.",https://creativecommons.org/publicdomain/mark/1.0/,
lumber208,188331833736_0.jpg,PG 101,cheerleaders at football game,,,,,cheerleaders;football;sports,,,,PG 101-2494a,Image;StillImage,image/jpeg,eng,"In Public Domain. For more information, please contact University of Idaho Library Special Collections and Archives Department at libspec@uidaho.edu.",https://creativecommons.org/publicdomain/mark/1.0/,
lumber209,187144163371_0.jpg,MA2018-13,humorous postcard of oversize fish on a trailer,,,,,postcards;comedy;fish,,,,MA2018-13,Image;StillImage,image/jpeg,eng,"In Public Domain. For more information, please contact University of Idaho Library Special Collections and Archives Department at libspec@uidaho.edu.",https://creativecommons.org/publicdomain/mark/1.0/,
lumber210,187036558098_0.jpg,PG 101,sorority rush,1961,yes,,,sororities;students;women,,,,PG 101-1056,Image;StillImage,image/jpeg,eng,"In Public Domain. For more information, please contact University of Idaho Library Special Collections and Archives Department at libspec@uidaho.edu.",https://creativecommons.org/publicdomain/mark/1.0/,
lumber211,184437720848_0.jpg,Leonard Feather Jazz Collection,Ella Fitzgerald singing,,,,,jazz;music;singing;vocalists;women,,,,Leonard Feather Collection,Image;StillImage,image/jpeg,eng,"In Public Domain. For more information, please contact University of Idaho Library Special Collections and Archives Department at libspec@uidaho.edu.",https://creativecommons.org/publicdomain/mark/1.0/,
lumber212,183771975968_0.jpg,MG 457,women working at the Clearwater Sawmill and Lumber factor sawing boards and loading cut boards from a conveyor belt,circa 1966,yes,,,sawmills;lumbers;factories;women;,,,,MG 457,Image;StillImage,image/jpeg,eng,"In Public Domain. For more information, please contact University of Idaho Library Special Collections and Archives Department at libspec@uidaho.edu.",https://creativecommons.org/publicdomain/mark/1.0/,
lumber213,183771975968_1.jpg,MG 457,women working at the Clearwater Sawmill and Lumber factor sawing boards and loading cut boards from a conveyor belt,circa 1966,yes,,,sawmills;lumbers;factories;women;,,,,MG 457,Image;StillImage,image/jpeg,eng,"In Public Domain. For more information, please contact University of Idaho Library Special Collections and Archives Department at libspec@uidaho.edu.",https://creativecommons.org/publicdomain/mark/1.0/,
lumber214,183630121043_0.jpg,MG 457,employees of the Potlatch Corporation being funny,,,,,lumber;comedy;,,,,MG 457,Image;StillImage,image/jpeg,eng,"In Public Domain. For more information, please contact University of Idaho Library Special Collections and Archives Department at libspec@uidaho.edu.",https://creativecommons.org/publicdomain/mark/1.0/,
lumber215,180003090982_0.jpg,PG 100,"Elizabeth Allen, a Nez Perce woman",1943,no,,,Nez Perce;indigenous people;war,,,,PG 100_394,Image;StillImage,image/jpeg,eng,"In Public Domain. For more information, please contact University of Idaho Library Special Collections and Archives Department at libspec@uidaho.edu.",https://creativecommons.org/publicdomain/mark/1.0/,
lumber216,178929858198_0.jpg,"University of Idaho Bulletin, Vol. 50, No. 2, November 1954","University of Idaho Bulletin with a ""radiation hazard"" sign",November 1954,no,,,radioactivity;newsletter,,,,"University of Idaho Bulletin, Vol. 50, No. 2",Image;StillImage,image/jpeg,eng,"In Public Domain. For more information, please contact University of Idaho Library Special Collections and Archives Department at libspec@uidaho.edu.",https://creativecommons.org/publicdomain/mark/1.0/,
lumber217,103180481609_0.jpg,MG 66,Standard Dairy Company stock certificate,,,,,scripophily;stocks;financial records,,,,MG 66,Image;StillImage,image/jpeg,eng,"In Public Domain. For more information, please contact University of Idaho Library Special Collections and Archives Department at libspec@uidaho.edu.",https://creativecommons.org/publicdomain/mark/1.0/,
lumber218,163922465183_0.jpg,PG 90,"Juliaetta, Idaho (looking at the northwest side of Main Street)",early 1900s,no,,,main streets,,,,PG 90_4_73,Image;StillImage,image/jpeg,eng,"In Public Domain. For more information, please contact University of Idaho Library Special Collections and Archives Department at libspec@uidaho.edu.",https://creativecommons.org/publicdomain/mark/1.0/,
lumber219,163922465183_1.jpg,,"Juliaetta, Idaho (looking at the northwest side of Main Street)",2017,no,Amy J. Thompson,,main streets,,,,,Image;StillImage,image/jpeg,eng,"In Public Domain. For more information, please contact University of Idaho Library Special Collections and Archives Department at libspec@uidaho.edu.",https://creativecommons.org/publicdomain/mark/1.0/,
lumber220,163648425433_0.jpg,PG 90,looking east at Main Street of Kendrick,early 1900s,no,,,main streets,,,,PG 90_4_116,Image;StillImage,image/jpeg,eng,"In Public Domain. For more information, please contact University of Idaho Library Special Collections and Archives Department at libspec@uidaho.edu.",https://creativecommons.org/publicdomain/mark/1.0/,
lumber221,163648425433_1.jpg,,looking east at Main Street of Kendrick,2017,no,Amy J. Thompson,,main streets,,,,,Image;StillImage,image/jpeg,eng,"In Public Domain. For more information, please contact University of Idaho Library Special Collections and Archives Department at libspec@uidaho.edu.",https://creativecommons.org/publicdomain/mark/1.0/,
lumber222,163379696223_0.jpg,PG 90,"Main Street in Harvard, Idaho",circa 1906,yes,,,main streets,,,,PG 90_5_74,Image;StillImage,image/jpeg,eng,"In Public Domain. For more information, please contact University of Idaho Library Special Collections and Archives Department at libspec@uidaho.edu.",https://creativecommons.org/publicdomain/mark/1.0/,
lumber223,163379696223_1.jpg,,"Main Street (now called Deary Street) in Harvard, Idaho",2017,no,Amy J. Thompson,,main streets,,,,,Image;StillImage,image/jpeg,eng,"In Public Domain. For more information, please contact University of Idaho Library Special Collections and Archives Department at libspec@uidaho.edu.",https://creativecommons.org/publicdomain/mark/1.0/,
lumber224,163104407543_1.jpg,,"Main Street of Culdesac, Idaho",2017,no,Amy J. Thompson,,main streets,,,,,Image;StillImage,image/jpeg,eng,"In Public Domain. For more information, please contact University of Idaho Library Special Collections and Archives Department at libspec@uidaho.edu.",https://creativecommons.org/publicdomain/mark/1.0/,
lumber225,162837442413_1.jpg,,"Main Street of Stites, Idaho",2017,no,Amy J. Thompson,,main streets,,,,,Image;StillImage,image/jpeg,eng,"In Public Domain. For more information, please contact University of Idaho Library Special Collections and Archives Department at libspec@uidaho.edu.",https://creativecommons.org/publicdomain/mark/1.0/,
lumber226,162284694278_0.jpg,MG 457,"panoramic view of Main Street in Potlatch, Idaho",1913,no,,"Written on back of photo: ""Left boarder house hotel, right office and store""",main streets,,,,MG 457_204_64_012,Image;StillImage,image/jpeg,eng,"In Public Domain. For more information, please contact University of Idaho Library Special Collections and Archives Department at libspec@uidaho.edu.",https://creativecommons.org/publicdomain/mark/1.0/,
lumber227,162284694278_1.jpg,,"panoramic view of Main Street in Potlatch, Idaho",2017,no,Amy J. Thompson,,main streets,,,,,Image;StillImage,image/jpeg,eng,"In Public Domain. For more information, please contact University of Idaho Library Special Collections and Archives Department at libspec@uidaho.edu.",https://creativecommons.org/publicdomain/mark/1.0/,
lumber228,162018580323_0.jpg,PG 90,"looking west on Main Street in Genesee, Idaho",circa 1907,yes,,,main streets,,,,PG 90_10_22_75_4,Image;StillImage,image/jpeg,eng,"In Public Domain. For more information, please contact University of Idaho Library Special Collections and Archives Department at libspec@uidaho.edu.",https://creativecommons.org/publicdomain/mark/1.0/,
lumber229,162018580323_1.jpg,,"looking west on Main Street in Genesee, Idaho",2017,no,Amy J. Thompson,,main streets,,,,,Image;StillImage,image/jpeg,eng,"In Public Domain. For more information, please contact University of Idaho Library Special Collections and Archives Department at libspec@uidaho.edu.",https://creativecommons.org/publicdomain/mark/1.0/,